filename,native_language,country,sample_rate,channels,samples,sample_width,pcm_sha256
portuguese10,portuguese,brazil,44100,1,1523811,2,0d257375f19bc942ddb89f55c636767b2f1786d75efbc0ccd177701755770b1e
portuguese11,portuguese,brazil,44100,1,1151010,2,a91fae81cff9801c3d4596013f9ec55b5778858c5cfc0bf24d582ea3e4ddd824
portuguese13,portuguese,brazil,44100,1,920887,2,68736cb6f42be6b78dcd50f7ced524718132df469dee243425630b9bc4d3a096
portuguese14,portuguese,brazil,44100,1,1027693,2,c6c934ed81cd6719b6afc698442377fe1660fd05b230c59c3e1a24917474ed7e
portuguese15,portuguese,brazil,44100,1,1091780,2,def5776bcad33c8e47e7be86f97fcee95d1bbf3a35aba1c862755abb348b11a3
portuguese16,portuguese,brazil,44100,1,1039349,2,ff50efdfcf79b7a3a6d8e7af264041fde1449fd0f650ae3889b5cca07c0601ae
portuguese17,portuguese,brazil,44100,1,871364,2,638b47354112ebec3f64013e9524410cc7aa590df26e15512201e6e5cdbc52a6
portuguese19,portuguese,brazil,44100,1,1108674,2,cb2416e918b8c3cda73efc225d8ebc4609e16f6ad523ba92177fd9d53a399f0e
portuguese20,portuguese,brazil,44100,1,971080,2,9ee0b129d124924f220e481caef646ac4a08889dedc697225a03830ab82c90f9
portuguese21,portuguese,brazil,44100,1,946777,2,e60fa8b64e826b34b31cf5fa6f450bf03d4aca652a7b6f03289fcc3c70c8f0e4
portuguese23,portuguese,brazil,44100,1,987145,2,d1819772dc80d93b2a2fd581e00a94724dbfcaeddad0f9091b81f37c0c39c401
portuguese24,portuguese,brazil,44100,1,917308,2,fb8d764432d0f5945391893d4c11862caba71d9e172ea84a530b4e33435ae5e7
portuguese25,portuguese,brazil,44100,1,1574859,2,580e908a5d4204efa5cd1f89aed8a2265f6a9cfe59bdd88b276488abad1168dd
portuguese26,portuguese,brazil,44100,1,1127228,2,16d500a4a476257b1094e9e72adc4be4cc615b62b1545220ffc46409f3d3f157
portuguese27,portuguese,brazil,44100,1,1187174,2,953cffc2041d6f5ca4017abbcddc18f6f061b9e426a7168bcd7c2c2d42a8ba28
portuguese28,portuguese,brazil,44100,1,1279177,2,d862648cf201d82befccd34bfc16de727647be9b0233a7e758b8a908d26e9d1d
portuguese29,portuguese,brazil,44100,1,1023903,2,c71e036ba21ff3492d5a3537793cd98517f9e5384319366c4fae4bf869cd0b8f
portuguese2,portuguese,brazil,44100,1,1127083,2,87c914c7f02696f7e280f68bc880f56e4b5f826f0a763644d0f20b3759d181b5
portuguese30,portuguese,brazil,44100,1,913401,2,4ad9882a984cd659abe79165b3818b9d2d9af99a821c0a64519a52caf42e8fca
portuguese31,portuguese,brazil,44100,1,966061,2,01671cdad414c89bfe25ebd13b7aaf6313d844914a477be2057bd7ce42797779
portuguese32,portuguese,brazil,44100,1,1080450,2,eeec60000f6d77ccb09cda74bc24f60ce804853a97f48587cc6f4839afbd9019
portuguese33,portuguese,brazil,44100,1,968510,2,71c96ed17b9ffb38dcefc823e9f680f0a1730f9dd10f44f084d97dd32fedf1a8
portuguese34,portuguese,brazil,44100,1,1012073,2,9b0fb32dbce7f959b1f1341d5fe884ca42d6811e999bac6270926f80eeea80da
portuguese35,portuguese,brazil,44100,1,955554,2,f31b1e9fb74edc9397ac64b1df5b34b79a014e3156509d0f5a0986370df9e419
portuguese36,portuguese,brazil,44100,1,1379880,2,dd27a6f1ed6052b973a21b64bbc97bcd20456da3fb1e6f7f56839fae8a3008cf
portuguese37,portuguese,brazil,44100,1,1054304,2,bc48c1fa2829e98f8dbbe4470d6825d793d4ad0548e4de44e3c8c4f8b7731dbe
portuguese38,portuguese,brazil,44100,1,1068955,2,acfe1cfb83ac47f9af19db2283308a9a59fcd21b9265a013f1c8e2e7069c02b2
portuguese39,portuguese,brazil,44100,1,897984,2,77c1ddb15f9dfdf4ee2c234c044fbf19f22e086daae0ace5906c9a5e23d0ab84
portuguese43,portuguese,brazil,44100,1,1216512,2,535848682bee5eac189606fc6f7a3f18a82d3e4ba8d53e70e541a178a6767dc6
portuguese44,portuguese,brazil,44100,1,1024086,2,3749b011e4be5ad025ca40e0cca548c282bf55fd3802be19a8aa29e12e7657ca
portuguese45,portuguese,brazil,44100,1,848179,2,4f3dd71e8ede2103d0c92526d441f7395c56115c2fbfa93c9ad20fde6bfdae2b
portuguese47,portuguese,brazil,44100,1,1197654,2,750fb4530021910e45f76f96c59edff0852abaebf0c3edb552795b787452aba5
portuguese48,portuguese,brazil,44100,1,1100346,2,ea9fa8e19344b4a2d55cb063f9d32a16c6d64f36baaa5864d62e7be2d2898e24
portuguese6,portuguese,brazil,44100,1,905516,2,8c008c41cd10ed37fa57eb59c38cadac0529c72d80bf0e316a56c5706eff14ea
portuguese7,portuguese,brazil,44100,1,1141308,2,aa2493de7e552892a05f7dda81bd6725ea557404d5aee893e1d5faf14cc787c1
portuguese8,portuguese,brazil,44100,1,1118330,2,3ef6683203e853e61badeb7b1945834e5e3eac82dec44669bd1860c846ad13cb
portuguese9,portuguese,brazil,44100,1,1032912,2,b66355826d9de1974b8546e518eea9db98f1f65bba9d9d3db76f417ad0283504
